[
    {
        "nombre": "Cafe Americano",
        "valor": 2500,
        "iva": 475
    },
    {
        "nombre": "Te Chai",
        "valor": 2700,
        "iva": 513
    },
    {
        "nombre": "Croissant",
        "valor": 7400,
        "iva": 1406
    },
    {
        "nombre": "Jugo Naranja",
        "valor": 4200,
        "iva": 798
    },
    {
        "nombre": "Panini de Pavo y Queso",
        "valor": 9300,
        "iva": 1767
    },
    {
        "nombre": "Pastel de Zanahoria",
        "valor": 4700,
        "iva": 893
    },
    {
        "nombre": "Espresso Doble",
        "valor": 5700,
        "iva": 1083
    },
    {
        "nombre": "Batido de Frutas",
        "valor": 3300,
        "iva": 627
    },
    {
        "nombre": "Muffin",
        "valor": 7700,
        "iva": 1463
    },
    {
        "nombre": "Ensalada",
        "valor": 7100,
        "iva": 1349
    },
    {
        "nombre": "Chocolate Caliente",
        "valor": 2800,
        "iva": 532
    },
    {
        "nombre": "Tarta de Frambuesa",
        "valor": 2400,
        "iva": 456
    },
    {
        "nombre": "Sandwich de Huevo",
        "valor": 4200,
        "iva": 798
    },
    {
        "nombre": "Galletas de Avena",
        "valor": 7800,
        "iva": 1482
    },
    {
        "nombre": "Frappe de Caramelo",
        "valor": 7200,
        "iva": 1368
    }
]